[
  {
    "cat_id": 100,
    "cat_title": "전체",
    "cat_img_url": "images/bono.jpg"
  },
  {
    "cat_id": 1,
    "cat_title": "간편식",
    "cat_img_url": "images/Simple.jpg"
  },
  {
    "cat_id": 2,
    "cat_title": "과일/채소",
    "cat_img_url": "images/Fruit_Veg.jpg"
  },
  {
    "cat_id": 3,
    "cat_title": "곡류/견과",
    "cat_img_url": "images/Rice.jpg"
  },
  {
    "cat_id": 4,
    "cat_title": "정육/계란",
    "cat_img_url": "images/Meat.jpg"
  },
  {
    "cat_id": 5,
    "cat_title": "수산물/건해산",
    "cat_img_url": "images/Fish.png"
  },
  {
    "cat_id": 6,
    "cat_title": "우유/유제품",
    "cat_img_url": "images/Milk.jpg"
  },
  {
    "cat_id": 7,
    "cat_title": "김치/반찬",
    "cat_img_url": "images/Kimchi.jpg"
  },
  {
    "cat_id": 8,
    "cat_title": "면류/통조림",
    "cat_img_url": "images/Ramen.jpg"
  },
  {
    "cat_id": 9,
    "cat_title": "생수/음료",
    "cat_img_url": "images/water.jpg"
  },
  {
    "cat_id": 10,
    "cat_title": "조미료/오일",
    "cat_img_url": "images/Source.jpg"
  },
  {
    "cat_id": 11,
    "cat_title": "과자/빙과",
    "cat_img_url": "images/Cookie.jpg"
  },
  {
    "cat_id": 12,
    "cat_title": "빵/샐러드",
    "cat_img_url": "images/Bread.jpg"
  },
  {
    "cat_id": 13,
    "cat_title": "세제/위생용품",
    "cat_img_url": "images/Detergent.jpg"
  }
]
