{
  "quizTitle": "오늘의 문제!!",
  "quizSynopsis": "고객님들께서는 이벤트 참여 후 할인 상품에 대하여 50%의 할인을 받으실 수 있습니다.",
  "answers": [
    "https://dummyimage.com/600x400/000/fff&text=O",
    "https://dummyimage.com/600x400/000/fff&text=X"
  ],
  "questions": [
    {
      "question": "경수는 잘생겼나요?",
      "correctAnswer": true,
      "explanation": "힌트 : 경수는 아주 인기가 좋습니다."
    }
  ]
}
