[
  {
    "cat_no": 3,
    "cat_type": "Food",
    "cat_title": "Food",
    "cat_desc": "Any substance consumed to provide nutritional support for the body.",
    "cat_img_url": "IMAGE-category-food.jpg"
  },
  {
    "cat_no": 14,
    "cat_type": "Movie",
    "cat_title": "Movie",
    "cat_desc": "Movie, the art of video",
    "cat_img_url": "IMAGE-category-movie.jpg"
  },
  {
    "cat_no": 2,
    "cat_type": "Game",
    "cat_title": "Game",
    "cat_desc": "Played in various genres, including computer, mobile, console, etc.",
    "cat_img_url": "IMAGE-category-game.jpg"
  },
  {
    "cat_no": 4,
    "cat_type": "Brand",
    "cat_title": "Brand",
    "cat_desc": "When it comes to a product's features and benefits.",
    "cat_img_url": "IMAGE-category-brand.jpg"
  },
  {
    "cat_no": 5,
    "cat_type": "Culture",
    "cat_title": "Culture",
    "cat_desc": "A flower blossomed by society, created by all members",
    "cat_img_url": "IMAGE-category-culture.jpg"
  },
  {
    "cat_no": 6,
    "cat_type": "Animals",
    "cat_title": "Animals",
    "cat_desc": "Actively moving creature",
    "cat_img_url": "IMAGE-category-animals.jpg"
  },
  {
    "cat_no": 7,
    "cat_type": "Product",
    "cat_title": "Product",
    "cat_desc": "Valuable objects made through human hands",
    "cat_img_url": "IMAGE-category-product.jpg"
  },
  {
    "cat_no": 8,
    "cat_type": "Design",
    "cat_title": "Design",
    "cat_desc": "Draw an idea",
    "cat_img_url": "IMAGE-category-design.jpg"
  },
  {
    "cat_no": 9,
    "cat_type": "Study",
    "cat_title": "Study",
    "cat_desc": "Exploring the realm of ignorance.",
    "cat_img_url": "IMAGE-category-study.jpg"
  },
  {
    "cat_no": 10,
    "cat_type": "Sports",
    "cat_title": "Sports",
    "cat_desc": "Play where people compete for victory and fun",
    "cat_img_url": "IMAGE-category-sports.jpg"
  },
  {
    "cat_no": 11,
    "cat_type": "Hobby",
    "cat_title": "Hobby",
    "cat_desc": "For your own happiness",
    "cat_img_url": "IMAGE-category-hobby.jpg"
  },
  {
    "cat_no": 12,
    "cat_type": "Music",
    "cat_title": "Music",
    "cat_desc": "It`s a pleasant soothing of our ears",
    "cat_img_url": "IMAGE-category-music.jpg"
  },
  {
    "cat_no": 13,
    "cat_type": "Kpop",
    "cat_title": "Kpop",
    "cat_desc": "Korean POP Song",
    "cat_img_url": "IMAGE-category-kpop.jpg"
  },
  {
    "cat_no": 14,
    "cat_type": "Movie",
    "cat_title": "Movie",
    "cat_desc": "Movie, the art of video",
    "cat_img_url": "IMAGE-category-movie.jpg"
  }
]
