{
  "comments": [
    {
      "user_nm": "albert",
      "user_img_url": "IMAGE-1577950186133.jpg",
      "feed_no": 94,
      "vote_no": 36,
      "user_id": "myvtr1000sp1@gmail.com",
      "feed_comment": "that foods looks good",
      "feed_good_cnt": 1,
      "feed_bad_cnt": 0,
      "join_dt": "2020-01-02T08:34:10.000Z",
      "updt_dt": "2020-04-03T01:56:47.000Z",
      "is_self_good": 0,
      "is_self_bad": 0,
      "last_min": 3784336
    },
    {
      "user_nm": "anna",
      "user_img_url": "IMAGE-1577674856259.jpg",
      "feed_no": 111,
      "vote_no": 36,
      "user_id": "test1005@ruu.kr",
      "feed_comment": "I like bibimbap. healthy taste is great",
      "feed_good_cnt": 3,
      "feed_bad_cnt": 0,
      "join_dt": "2020-04-03T06:57:58.000Z",
      "updt_dt": "2020-04-03T06:57:58.000Z",
      "is_self_good": 0,
      "is_self_bad": 0,
      "last_min": 3783501
    },
    {
      "user_nm": "noobmaster332",
      "user_img_url": "IMAGE-1577674856259.jpg",
      "feed_no": 112,
      "vote_no": 36,
      "user_id": "test1005@ruu.kr",
      "feed_comment": "Has anyone been here in Korea?",
      "feed_good_cnt": 1,
      "feed_bad_cnt": 0,
      "join_dt": "2020-04-03T06:57:58.000Z",
      "updt_dt": "2020-04-03T06:57:58.000Z",
      "is_self_good": 0,
      "is_self_bad": 0,
      "last_min": 3783501
    },
    {
      "user_nm": "july",
      "user_img_url": "IMAGE-1577674856259.jpg",
      "feed_no": 113,
      "vote_no": 36,
      "user_id": "test1005@ruu.kr",
      "feed_comment": "I want to try it once.",
      "feed_good_cnt": 2,
      "feed_bad_cnt": 1,
      "join_dt": "2020-04-03T06:57:58.000Z",
      "updt_dt": "2020-04-03T06:57:58.000Z",
      "is_self_good": 0,
      "is_self_bad": 0,
      "last_min": 3783501
    },
    {
      "user_nm": "Graydon Hoare",
      "user_img_url": "IMAGE-.jpg",
      "feed_no": 114,
      "vote_no": 36,
      "user_id": "test1005@ruu.kr",
      "feed_comment": "what a lovely day",
      "feed_good_cnt": 2,
      "feed_bad_cnt": 1,
      "join_dt": "2020-04-03T06:57:58.000Z",
      "updt_dt": "2020-04-03T06:57:58.000Z",
      "is_self_good": 0,
      "is_self_bad": 0,
      "last_min": 3783501
    }
  ],
  "total_count": 5
}
